Name	Class
cleaner	0
band	1
odx	2
al	3
tube	4
aba	5
od	6
wheel	7
safety	8
svce	9
manual	10
whl	11
serv	12
spanish	13
acs	14
aluminum	15
coil	16
stock	17
all	18
sht	19
coat	20
und	21
fastener	22
pop	23
multi	24
grip	25
flat	26
bar	27
nut	28
self	29
rtng	30
hex	31
avk	32
rivnut	33
rivet	34
deg	35
csk	36
plug	37
drain	38
tank	39
round	40
as	41
weld	42
stud	43
washer	44
up	45
sheet	46
down	47
plate	48
trans	49
sp	50
aux	51
coupler	52
tv	53
antenna	54
diff	55
lock	56
op	57
instruction	58
no	59
expanded	60
alum	61
guide	62
diag	63
rubber	64
spring	65
pump	66
doser	67
fluid	68
module	69
dpf	70
rh	71
isx	72
siso	73
hi	74
dosing	75
control	76
unit	77
def	78
clamp	79
spherical	80
gasket	81
scr	82
filter	83
exhaust	84
kit	85
mixing	86
elbow	87
azerofour	88
angle	89
th	90
outbd	91
aone	92
dust	93
shield	94
cap	95
ftg	96
legris	97
sae	98
union	99
male	100
br	101
te	102
el	103
aoneone	104
bracket	105
heat	106
exchanger	107
taillamp	108
tail	109
light	110
brkt	111
frt	112
eng	113
supt	114
lh	115
fuel	116
heater	117
htr	118
mudflap	119
adaptor	120
coupling	121
side	122
step	123
frame	124
lamp	125
spacer	126
mud	127
flap	128
front	129
sprt	130
sensor	131
vorad	132
jump	133
start	134
abs	135
pmv	136
valve	137
hood	138
pivot	139
top	140
frnt	141
hinge	142
water	143
power	144
steering	145
davco	146
center	147
tow	148
str	149
bulk	150
aonethree	151
bushing	152
fairing	153
lower	154
slack	155
adjuster	156
meritor	157
clip	158
cotter	159
reducer	160
locking	161
collar	162
atwozero	163
hitch	164
yoke	165
assembly	166
atwotwo	167
aol	168
cover	169
deck	170
asy	171
euro	172
snubbing	173
retaining	174
arm	175
atwofour	176
crossmember	177
taper	178
base	179
number	180
only	181
intermed	182
assy	183
intr	184
intermediate	185
intmd	186
steel	187
underbell	188
housing	189
bogie	190
support	191
tmsn	192
radiator	193
rear	194
cab	195
rad	196
susp	197
cmbr	198
upper	199
spnsn	200
asm	201
cm	202
primaax	203
ex	204
centerbearing	205
rr	206
fwd	207
cooling	208
cast	209
rdtr	210
common	211
xmbr	212
atwofive	213
betts	214
dustshield	215
athreethree	216
forward	217
skin	218
partial	219
athreefive	220
fender	221
qtr	222
injector	223
urea	224
supply	225
afoursix	226
gear	227
afourseven	228
gusset	229
extruded	230
neway	231
afoureight	232
pipe	233
afivetwo	234
insert	235
siderail	236
full	237
to	238
bumper	239
subframe	240
rail	241
liner	242
afivethree	243
label	244
chassis	245
combination	246
trailer	247
do	248
not	249
surge	250
coolant	251
protection	252
warning	253
batt	254
cable	255
electric	256
decal	257
access	258
caution	259
battery	260
tire	261
engl	262
esp	263
fan	264
handle	265
reflector	266
conspicuity	267
asixtwo	268
leg	269
asixthree	270
pad	271
mount	272
asixfive	273
pin	274
retention	275
loop	276
sleeve	277
asevenzero	278
drop	279
flywheel	280
speedo	281
asevenseven	282
reinf	283
tab	284
reinforcement	285
shifter	286
eaton	287
aeightzero	288
box	289
engine	290
grease	291
aeighttwo	292
heavy	293
duty	294
aeightfive	295
case	296
auxiliary	297
sleeper	298
body	299
bag	300
lvl	301
vlv	302
leveling	303
brace	304
closure	305
ctr	306
ball	307
dia	308
extension	309
warmer	310
bgonesixfiveseven	311
brk	312
fitting	313
parker	314
bridgestone	315
ply	316
bridge	317
brtwofivefive	318
brtwoeightfive	319
brtwoninefive	320
brthreeonefive	321
brthreeeightfive	322
tubeless	323
brfourfourfive	324
strap	325
tie	326
bendix	327
french	328
span	329
adapter	330
bzerofive	331
axle	332
steer	333
beam	334
equalizer	335
boneone	336
shackle	337
drive	338
iron	339
windup	340
bump	341
twin	342
modulator	343
chas	344
mtg	345
btwozero	346
link	347
bthreefour	348
shock	349
rest	350
ind	351
brochure	352
radial	353
trk	354
bsixthree	355
saddle	356
suspension	357
bsixfive	358
locator	359
threaded	360
hd	361
bsevenfive	362
brake	363
beightzero	364
shim	365
beightone	366
cha	367
ch	368
beightthree	369
stop	370
synthetic	371
oil	372
gauge	373
speaker	374
coaxial	375
inch	376
lube	377
prim	378
paint	379
subens	380
plastic	381
ext	382
for	383
alu	384
natural	385
finished	386
and	387
info	388
system	389
hvac	390
chrome	391
on	392
metal	393
sub	394
connection	395
ends	396
casting	397
insp	398
pol	399
zinc	400
plain	401
sst	402
sys	403
hub	404
fl	405
lms	406
rotor	407
fg	408
ff	409
corp	410
logo	411
part	412
id	413
seal	414
sealant	415
hat	416
hubcap	417
black	418
zytel	419
spec	420
elec	421
device	422
alt	423
fog	424
test	425
voltage	426
req	427
vib	428
emer	429
prot	430
resist	431
auto	432
of	433
charge	434
cooler	435
interior	436
processed	437
surface	438
prepaint	439
truck	440
fiber	441
structure	442
adhesive	443
pdc	444
windshield	445
window	446
glass	447
prem	448
mold	449
stand	450
moulding	451
paccar	452
ident	453
exterior	454
vinyl	455
comp	456
temperature	457
high	458
temp	459
low	460
acc	461
thermal	462
com	463
gen	464
consp	465
connector	466
by	467
vent	468
pwr	469
interface	470
wire	471
color	472
non	473
constant	474
tension	475
torque	476
delco	477
cvninezero	478
display	479
qualcomm	480
strut	481
type	482
tinnerman	483
czerofive	484
dana	485
dsp	486
tandem	487
czeroseven	488
hend	489
hendrickson	490
airspring	491
ag	492
air	493
coneone	494
rod	495
hldr	496
trac	497
absorber	498
holder	499
torq	500
rb	501
su	502
radius	503
conethree	504
swaybar	505
bolt	506
drv	507
conesix	508
leaf	509
push	510
strg	511
lug	512
wear	513
ctwofour	514
small	515
cthree	516
catch	517
lid	518
extrusion	519
anchor	520
cthreefour	521
hard	522
cfourseven	523
trim	524
csixfive	525
tracking	526
flexair	527
csevenone	528
art	529
csevenfour	530
wcal	531
tru	532
pshr	533
tag	534
csevenfive	535
png	536
disc	537
csevenseven	538
cseveneight	539
seat	540
hanger	541
ceightzero	542
boss	543
transition	544
alignment	545
ga	546
ceightone	547
ceightthree	548
ceightfive	549
camshaft	550
cam	551
shaft	552
cnineeight	553
ps	554
atlas	555
dual	556
strobe	557
operator	558
dzeroone	559
pto	560
dzerofour	561
intake	562
cold	563
ultra	564
diesel	565
donezerotwonine	566
donezerofourfive	567
dynacraft	568
breather	569
donezeroninenine	570
doneone	571
piping	572
line	573
upr	574
standoff	575
ether	576
harness	577
cole	578
return	579
wtr	580
discharge	581
restraint	582
radio	583
rd	584
donethree	585
donesix	586
dipstick	587
cushioned	588
cushion	589
double	590
dtwozerozerosix	591
st	592
conn	593
mp	594
npt	595
straight	596
voss	597
hose	598
barb	599
stor	600
ho	601
bead	602
dtwozerothreezero	603
ptc	604
branch	605
tee	606
in	607
con	608
nptf	609
ring	610
bulkhead	611
dtwozerothreefour	612
mnpt	613
fill	614
dtwozerofourtwo	615
crimped	616
dtwoonezerothree	617
run	618
dtwoonezerofour	619
shell	620
hos	621
female	622
dtwooneoneone	623
metric	624
nipple	625
long	626
mal	627
dtwooneonefive	628
adpt	629
conv	630
cat	631
jic	632
stl	633
del	634
flare	635
mm	636
tub	637
dtwooneonenine	638
iso	639
port	640
dtwoonetwothree	641
swvl	642
elb	643
swivel	644
dtwoonetwoseven	645
fp	646
dtwoonethreeone	647
short	648
lg	649
fem	650
oring	651
dtwoonethreefive	652
dtwoonethreenine	653
fe	654
dtwotwo	655
dtwoseven	656
alternator	657
brushle	658
foam	659
dtwoninefivethree	660
terminal	661
red	662
hotline	663
dthreeone	664
block	665
pan	666
immersion	667
dthreeseven	668
clnr	669
mtd	670
flange	671
clutch	672
booster	673
splice	674
butt	675
spl	676
sealed	677
cowl	678
cac	679
starter	680
relay	681
dfivezero	682
formed	683
hump	684
dsixone	685
dsixtwo	686
gray	687
dsixfive	688
dsixsix	689
hot	690
duct	691
sid	692
shore	693
bellows	694
single	695
bend	696
sgl	697
dbl	698
bd	699
dsixeight	700
pulley	701
bezel	702
deightfour	703
belt	704
poly	705
rib	706
deightfive	707
dninezeroninenine	708
teflon	709
dninethree	710
large	711
press	712
mirror	713
convex	714
fit	715
donaldson	716
stem	717
val	718
ezerofive	719
driveshaft	720
xl	721
driveline	722
caterpillar	723
eoneone	724
cummins	725
five	726
service	727
efivefive	728
lever	729
shift	730
xmsn	731
arden	732
esixfive	733
cylinder	734
eeightzero	735
eeightfive	736
transfer	737
transmission	738
fabco	739
eeighteight	740
std	741
clinch	742
cgi	743
fleetline	744
ss	745
fh	746
pem	747
unc	748
sisu	749
sep	750
fwzerozerosevenzero	751
holland	752
fifth	753
fwtwofivesevenzero	754
fwthreeone	755
fwthreefive	756
hl	757
nylon	758
fzerothree	759
freon	760
fzerofour	761
degree	762
silicone	763
fzerosix	764
belly	765
foneone	766
recirc	767
condenser	768
shroud	769
grille	770
hardline	771
receiver	772
drier	773
exch	774
suction	775
lwr	776
cprsr	777
dis	778
suct	779
pip	780
routing	781
crm	782
sbfa	783
fonethree	784
fonesix	785
foneseven	786
horton	787
drivemast	788
spd	789
bw	790
ftwoone	791
ftwotwo	792
fthreeone	793
combo	794
basic	795
webasto	796
slpr	797
draw	798
tsr	799
espar	800
final	801
trimmed	802
fthreeseven	803
dryer	804
dye	805
fthreeeight	806
liquid	807
normaquick	808
ffourtwo	809
bottom	810
recirculation	811
anti	812
blue	813
hnbr	814
ffoursix	815
screen	816
rock	817
ffivezero	818
refrigerant	819
cond	820
under	821
inlet	822
rec	823
lin	824
ac	825
supp	826
ffiveone	827
blade	828
xd	829
ffivethree	830
english	831
life	832
chevron	833
fsixfive	834
end	835
fsixsix	836
turbo	837
floor	838
model	839
nbi	840
defrost	841
panel	842
fsixnine	843
compressor	844
latch	845
flexible	846
feightfive	847
mx	848
ism	849
fc	850
lw	851
ce	852
mod	853
upp	854
fnineone	855
gahzerozero	856
edge	857
jumper	858
shutoff	859
screw	860
sight	861
goneone	862
hosetenna	863
atc	864
dump	865
pilot	866
load	867
solenoid	868
pressure	869
cont	870
restriction	871
tp	872
yaw	873
inversion	874
dummy	875
gladhand	876
rate	877
quick	878
rel	879
gonefive	880
bk	881
chamber	882
sprg	883
chmbr	884
gtwotwo	885
jct	886
blk	887
gthreeseven	888
ad	889
is	890
everflow	891
gthreeeight	892
airglide	893
mpt	894
un	895
blkhd	896
gfivezero	897
pre	898
braid	899
airbrake	900
tubing	901
green	902
white	903
orange	904
purple	905
yellow	906
gfivethree	907
stability	908
gfiveeight	909
manifold	910
junction	911
gsixfour	912
firewall	913
gsixnine	914
gsevenfour	915
hcv	916
linkage	917
geightfive	918
airtank	919
geightsix	920
atm	921
nyl	922
geighteight	923
gninezero	924
parking	925
mv	926
check	927
qr	928
pp	929
dc	930
axl	931
asr	932
vlve	933
interaxle	934
slider	935
differential	936
lo	937
pusher	938
gates	939
sus	940
declutch	941
lift	942
hook	943
htd	944
trlr	945
sol	946
norma	947
open	948
level	949
horn	950
ht	951
ctrl	952
atr	953
overinfl	954
over	955
hsa	956
gninetwo	957
dash	958
accessory	959
ass	960
wb	961
gninethree	962
park	963
switch	964
sw	965
gninefour	966
abstrlr	967
sheppard	968
hkfoureightoneonezero	969
hla	970
amer	971
hadley	972
pedestal	973
rect	974
two	975
piece	976
installation	977
mounting	978
bare	979
foot	980
cush	981
jskthreesevenu	982
jost	983
joneone	984
rsvr	985
reservoir	986
qt	987
res	988
flow	989
jonenine	990
column	991
assm	992
jtwozero	993
draglink	994
jtwothree	995
pitman	996
jfivezero	997
psi	998
pt	999
hydraulic	1000
jfivethree	1001
col	1002
warn	1003
jsixnine	1004
jeightfive	1005
jeightsix	1006
jeightseven	1007
tas	1008
lmt	1009
jnineone	1010
four	1011
spoke	1012
haldex	1013
piso	1014
brass	1015
cabmate	1016
hotstart	1017
pri	1018
pmp	1019
man	1020
kenworth	1021
key	1022
class	1023
kw	1024
supplement	1025
stab	1026
kzeroone	1027
ftgs	1028
tk	1029
adap	1030
kzerotwoseven	1031
headlight	1032
kzerotwoeight	1033
assist	1034
tubular	1035
tilt	1036
tether	1037
hand	1038
throt	1039
gas	1040
bunk	1041
throttle	1042
ret	1043
rtn	1044
kzerothree	1045
kzerothreeone	1046
deflector	1047
extender	1048
kzerothreetwo	1049
tray	1050
kzerothreefour	1051
offhighway	1052
kzerothreesix	1053
bearing	1054
door	1055
pedal	1056
kzerothreeseven	1057
bellcrank	1058
kzerothreenine	1059
kzerofourone	1060
cs	1061
gr	1062
slotted	1063
unf	1064
cad	1065
crank	1066
motor	1067
swaged	1068
swgd	1069
nc	1070
nf	1071
bol	1072
grade	1073
hardened	1074
ca	1075
hx	1076
head	1077
lkng	1078
stainless	1079
sl	1080
bost	1081
socket	1082
button	1083
shoulder	1084
btry	1085
hold	1086
mach	1087
countersunk	1088
le	1089
kzerofourtwo	1090
boot	1091
toggle	1092
kzerofourfive	1093
bat	1094
lining	1095
fuse	1096
kzerofoursix	1097
indep	1098
post	1099
kzerofourseven	1100
kzerofoureight	1101
kzerofournine	1102
kzerofiveone	1103
exh	1104
fld	1105
recess	1106
panelite	1107
beacon	1108
kzerofivethree	1109
turn	1110
signal	1111
mir	1112
diagonal	1113
kzerofivefour	1114
kzerofivefive	1115
tor	1116
fr	1117
kzerofivesix	1118
slipper	1119
kzerofiveeight	1120
kzerosixzero	1121
kzerosixtwo	1122
release	1123
splitter	1124
rlse	1125
kzerosixfour	1126
chart	1127
rwk	1128
channel	1129
kzerosixsix	1130
roller	1131
rebound	1132
snubber	1133
kzerosixeight	1134
harn	1135
buzzer	1136
pigtail	1137
lp	1138
jumpstart	1139
hdlp	1140
heated	1141
opt	1142
sect	1143
way	1144
dome	1145
aero	1146
rise	1147
spare	1148
sofabed	1149
cti	1150
kzerosevenone	1151
kwc	1152
split	1153
filler	1154
curtain	1155
kzerosevenfive	1156
roll	1157
kzerosevenseven	1158
muffler	1159
kzeroseveneight	1160
back	1161
shelf	1162
inbd	1163
drawer	1164
ovhd	1165
kzerosevennine	1166
compt	1167
storage	1168
closet	1169
kzeroeightfour	1170
chalmers	1171
kzeroninetwo	1172
kzeroninethree	1173
kzeroninesix	1174
clamping	1175
emergency	1176
kzeronineseven	1177
ckw	1178
roof	1179
sunvisor	1180
winterfront	1181
tool	1182
refer	1183
opening	1184
bx	1185
konezerozero	1186
konezeroone	1187
hsg	1188
konezerotwo	1189
brute	1190
konezerothree	1191
trunnion	1192
trunn	1193
konezerofive	1194
konezeroseven	1195
fms	1196
blank	1197
spt	1198
konezeroeight	1199
koneone	1200
koneoneone	1201
wide	1202
wshld	1203
wshr	1204
bottle	1205
koneonefive	1206
arctic	1207
koneoneeight	1208
fabric	1209
jamb	1210
dowel	1211
spr	1212
eye	1213
konetwotwo	1214
grilldenser	1215
konetwothree	1216
degx	1217
konetwofour	1218
rc	1219
forming	1220
konetwosix	1221
section	1222
plr	1223
extr	1224
sill	1225
pnl	1226
rbr	1227
lacing	1228
konetwoseven	1229
konetwoeight	1230
neck	1231
hyd	1232
konetwonine	1233
or	1234
pc	1235
reducing	1236
square	1237
cadmium	1238
sqr	1239
jtc	1240
flr	1241
lubrication	1242
half	1243
cplg	1244
anch	1245
street	1246
ahr	1247
konethreezero	1248
konethreethree	1249
konethreefour	1250
send	1251
headlamp	1252
konethreesix	1253
lens	1254
peeper	1255
konethreeseven	1256
konethreenine	1257
konefourzero	1258
hole	1259
chalin	1260
konefourtwo	1261
konefourthree	1262
konefourfour	1263
holddown	1264
konefourfive	1265
mike	1266
cb	1267
retainer	1268
thermo	1269
cup	1270
konefoursix	1271
assemblies	1272
konefourseven	1273
konefournine	1274
slp	1275
konefivetwo	1276
keeper	1277
konefivenine	1278
with	1279
konesixzero	1280
isolated	1281
konesixone	1282
fstnr	1283
snap	1284
fast	1285
eyelet	1286
corner	1287
headliner	1288
carpet	1289
sliding	1290
wd	1291
bolster	1292
covering	1293
binding	1294
padding	1295
backing	1296
spldr	1297
overhead	1298
wall	1299
cabinet	1300
lng	1301
walk	1302
vista	1303
wdo	1304
thk	1305
konesixthree	1306
table	1307
konesixseven	1308
thru	1309
dark	1310
floorcover	1311
konesixnine	1312
term	1313
esna	1314
coarse	1315
thd	1316
locknut	1317
fine	1318
fs	1319
spline	1320
nylock	1321
capnut	1322
frp	1323
pvc	1324
closed	1325
slf	1326
konesevenzero	1327
ornament	1328
emblem	1329
konesevenfour	1330
rattle	1331
varashield	1332
vibration	1333
damper	1334
konesevenfive	1335
mattress	1336
folding	1337
toeboard	1338
konesevensix	1339
ins	1340
extn	1341
partition	1342
compartment	1343
konesevenseven	1344
koneseveneight	1345
pillar	1346
konesevennine	1347
ng	1348
striker	1349
koneeightzero	1350
flex	1351
pe	1352
koneeightone	1353
koneeightthree	1354
cigar	1355
well	1356
weather	1357
aerodyne	1358
koneeightsix	1359
koneeightseven	1360
koneeighteight	1361
koneninethree	1362
alarm	1363
koneninefour	1364
koneninefive	1365
koneninesix	1366
matt	1367
konenineseven	1368
noise	1369
grab	1370
outer	1371
retract	1372
joint	1373
seatbelt	1374
aft	1375
konenineeight	1376
cross	1377
bush	1378
grom	1379
external	1380
ktwozerotwo	1381
ktwozerothree	1382
aerocab	1383
flattop	1384
ktwozerosix	1385
tapping	1386
oval	1387
mech	1388
rolling	1389
truss	1390
flt	1391
plastite	1392
tap	1393
ktwozeroseven	1394
weatherstrip	1395
neoprene	1396
strip	1397
inner	1398
ktwozeroeight	1399
ktwoonezero	1400
ktwooneone	1401
ktwoonetwo	1402
ktwoonethree	1403
splash	1404
guard	1405
toolbox	1406
ktwoonefour	1407
caster	1408
ktwoonesix	1409
cutout	1410
ktwooneseven	1411
chan	1412
ktwooneeight	1413
dr	1414
ktwoonenine	1415
skirt	1416
sound	1417
ktwotwo	1418
ktwotwozero	1419
ktwotwoone	1420
tbb	1421
circular	1422
rt	1423
tapered	1424
ktwotwothree	1425
ktwotwofour	1426
ktwotwonine	1427
perforated	1428
running	1429
board	1430
ladder	1431
bumber	1432
bmpr	1433
ktwothreezero	1434
ktwothreeone	1435
polished	1436
ktwothreetwo	1437
ktwothreethree	1438
ground	1439
ktwothreefour	1440
ktwothreefive	1441
ktwothreesix	1442
ktwothreeseven	1443
ktwothreeeight	1444
ktwothreenine	1445
ktwofourzero	1446
jack	1447
ton	1448
ktwofourone	1449
fds	1450
ktwofourthree	1451
painted	1452
stnls	1453
ktwofourfour	1454
tone	1455
spk	1456
ktwofoursix	1457
floodlamp	1458
fbllt	1459
rng	1460
mbllt	1461
series	1462
jmpr	1463
grd	1464
ktwofournine	1465
offset	1466
rectangular	1467
ktwofivezero	1468
plt	1469
ktwofiveone	1470
ktwofivetwo	1471
ktwofivesix	1472
marker	1473
courtesy	1474
flush	1475
mnt	1476
license	1477
grakon	1478
ktwofiveseven	1479
ktwosixone	1480
ktwosixfour	1481
grommet	1482
lite	1483
ktwosixsix	1484
ktwosixnine	1485
ktwoseventwo	1486
ktwoseventhree	1487
ktwosevenfour	1488
ktwosevenfive	1489
misc	1490
wiring	1491
lic	1492
interlock	1493
ktwosevensix	1494
ktwosevenseven	1495
ktwoseveneight	1496
ktwoeightzero	1497
ktwoeightone	1498
name	1499
cert	1500
epa	1501
exprt	1502
spkr	1503
incomp	1504
vehicle	1505
cer	1506
nameplate	1507
pd	1508
dist	1509
package	1510
reg	1511
receptacle	1512
identification	1513
veh	1514
serial	1515
fire	1516
extinguisher	1517
ktwoeighttwo	1518
ktwoeightthree	1519
floormat	1520
ktwoeightfive	1521
bucket	1522
tongue	1523
ktwoninefour	1524
ktwoninefive	1525
ktwoninenine	1526
cov	1527
winter	1528
sun	1529
visor	1530
kthreezeroone	1531
rocker	1532
spdt	1533
spst	1534
gold	1535
contact	1536
override	1537
dpdt	1538
micro	1539
dpst	1540
kthreezerothree	1541
kthreezeroseven	1542
fresh	1543
kthreeone	1544
fox	1545
kthreeonezero	1546
idle	1547
kthreeonefour	1548
kthreeonesix	1549
rcvr	1550
kthreeoneseven	1551
kthreetwozero	1552
kthreetwofour	1553
sh	1554
kthreetwofive	1555
kthreetwosix	1556
kthreethreethree	1557
flip	1558
kthreethreesix	1559
diverter	1560
cp	1561
scoop	1562
upright	1563
crossover	1564
kthreefourtwo	1565
aii	1566
cord	1567
fair	1568
length	1569
conditioning	1570
kthreefourthree	1571
kthreefourfour	1572
insul	1573
convoluted	1574
ii	1575
insulator	1576
insulation	1577
area	1578
shrink	1579
tbg	1580
add	1581
kthreefourfive	1582
sldr	1583
splendor	1584
instl	1585
int	1586
sofa	1587
kthreefoursix	1588
knob	1589
kthreefoureight	1590
kthreefivezero	1591
align	1592
mntg	1593
protective	1594
protector	1595
kthreefivetwo	1596
road	1597
bug	1598
kthreefiveeight	1599
stiffener	1600
kthreesixone	1601
kthreesixtwo	1602
outside	1603
kthreesixthree	1604
clipped	1605
remy	1606
zn	1607
idx	1608
special	1609
toothlock	1610
padded	1611
kthreesixfive	1612
am	1613
fm	1614
lead	1615
telescopic	1616
kthreesixsix	1617
kthreeseven	1618
kthreesevenone	1619
ltr	1620
outlet	1621
ash	1622
lb	1623
amp	1624
lt	1625
grn	1626
tan	1627
kthreesevenfour	1628
kthreesevensix	1629
break	1630
mandrel	1631
christmas	1632
tree	1633
universal	1634
kthreeseveneight	1635
kthreeeight	1636
kthreeeightfive	1637
stackable	1638
kthreeninesix	1639
jmp	1640
pos	1641
neg	1642
kfouroneseven	1643
one	1644
six	1645
kfourtwotwo	1646
kfourtwofour	1647
boc	1648
gal	1649
kfourtwoeight	1650
wrapsheet	1651
kfourthreenine	1652
slip	1653
dl	1654
kfourfourzero	1655
spcr	1656
kfourfourthree	1657
kfourfourfour	1658
kfivezeroseven	1659
outboard	1660
kfiveonesix	1661
kfiveoneseven	1662
kfivetwoone	1663
kfivetwothree	1664
kfivethree	1665
ulsd	1666
kfivethreezero	1667
inboard	1668
kfivethreeone	1669
kfivethreethree	1670
kfivethreesix	1671
ksixzerozero	1672
welding	1673
tridem	1674
labor	1675
has	1676
rods	1677
brks	1678
ksevenfour	1679
soft	1680
keightfour	1681
keightfive	1682
keightsix	1683
keighteight	1684
rtrn	1685
ln	1686
haltec	1687
main	1688
maintenance	1689
lzerothree	1690
loneone	1691
gore	1692
work	1693
lonethree	1694
bugscreen	1695
loneeight	1696
ltwozero	1697
ltwotwo	1698
exte	1699
asst	1700
mesh	1701
drag	1702
trw	1703
ltwonine	1704
rnd	1705
sm	1706
rotating	1707
lthreefour	1708
lthreefive	1709
lfourtwo	1710
lfourfive	1711
right	1712
stamped	1713
lfoursix	1714
separator	1715
lfoureight	1716
torsion	1717
lfivethree	1718
lfivesix	1719
lsixzero	1720
lsixthree	1721
lsixfour	1722
lsixfive	1723
lsixseven	1724
location	1725
lsevenone	1726
lseventwo	1727
lsevensix	1728
lsevenseven	1729
plenum	1730
lsevennine	1731
leightzero	1732
overbell	1733
leightone	1734
leightthree	1735
leightfive	1736
lninetwo	1737
mbt	1738
huck	1739
bobtail	1740
mfmonezero	1741
mgcs	1742
mgcw	1743
mglp	1744
magna	1745
lok	1746
use	1747
mgpnineeightt	1748
mhffdtonetwo	1749
mhffdtonesix	1750
michelin	1751
xzy	1752
mnfourtwofive	1753
standar	1754
mssonezerofoursix	1755
fda	1756
marmon	1757
herrington	1758
warranty	1759
mzerofour	1760
isolator	1761
mzeroseven	1762
monezero	1763
scrrhuc	1764
rhuc	1765
moneone	1766
exhst	1767
ecu	1768
dcu	1769
cradle	1770
out	1771
aftertreatment	1772
nox	1773
de	1774
monethree	1775
monesix	1776
diffuser	1777
monenine	1778
mtwotwo	1779
medium	1780
mthreeseven	1781
clevis	1782
mfourtwo	1783
mfoursix	1784
custom	1785
tailpipe	1786
shld	1787
skid	1788
gl	1789
pu	1790
mfivezero	1791
pa	1792
pur	1793
qc	1794
epdm	1795
msixtwo	1796
tierod	1797
msixthree	1798
msixfour	1799
msixsix	1800
dss	1801
standpipe	1802
msevenseven	1803
meightzero	1804
meightfour	1805
gallon	1806
meightfive	1807
meightsix	1808
slave	1809
face	1810
pl	1811
nzerofour	1812
nzerosix	1813
med	1814
nonezero	1815
cantlvr	1816
icbb	1817
noneone	1818
splt	1819
fndr	1820
bb	1821
ntwozero	1822
ntwotwo	1823
ntwoeight	1824
nthreefive	1825
nfourtwo	1826
nfoursix	1827
nfourseven	1828
nsixthree	1829
nsixfour	1830
nsevenone	1831
contoured	1832
aerodynamic	1833
nseventwo	1834
nsevenseven	1835
neightzero	1836
neighttwo	1837
neightfive	1838
battbox	1839
nninethree	1840
allison	1841
pevoneeightonesix	1842
ev	1843
pevtwotwoonesix	1844
pevtwofiveonesix	1845
pintle	1846
pla	1847
fiberglass	1848
accent	1849
direct	1850
dealer	1851
us	1852
can	1853
delphi	1854
cd	1855
sirius	1856
cobra	1857
digital	1858
clock	1859
lowrance	1860
nav	1861
psthreesixtwofour	1862
psthreesixtwoeight	1863
poneone	1864
disconnect	1865
preco	1866
qcs	1867
recept	1868
datalogger	1869
node	1870
namux	1871
rtg	1872
ponesix	1873
ptwozero	1874
diagnostic	1875
junct	1876
subassy	1877
ptwoone	1878
rke	1879
turnstalk	1880
mux	1881
drl	1882
ptwotwo	1883
pack	1884
ptwoseven	1885
circuit	1886
breaker	1887
clearance	1888
lmp	1889
flood	1890
cruise	1891
cntrl	1892
off	1893
set	1894
spot	1895
sign	1896
hazard	1897
backup	1898
mute	1899
ngr	1900
disabled	1901
dimmer	1902
pass	1903
regen	1904
shutdown	1905
xm	1906
tcm	1907
ptwoeight	1908
pthreezero	1909
software	1910
cecu	1911
application	1912
icu	1913
pfournine	1914
fiamm	1915
pfivethree	1916
cep	1917
bc	1918
bcab	1919
nm	1920
document	1921
pfivefour	1922
overdoor	1923
indicator	1924
slot	1925
telltale	1926
psixseven	1927
pninetwo	1928
ped	1929
reverse	1930
neutral	1931
led	1932
lts	1933
interruptor	1934
gnd	1935
feed	1936
lvd	1937
denso	1938
cbl	1939
cvsg	1940
ammeter	1941
mrkr	1942
transducer	1943
adem	1944
iv	1945
amot	1946
engn	1947
smartwheel	1948
flasher	1949
backlight	1950
sense	1951
ultrashift	1952
sender	1953
instrument	1954
overspeed	1955
option	1956
chrg	1957
thgen	1958
remote	1959
after	1960
vs	1961
nd	1962
rem	1963
thr	1964
instr	1965
at	1966
alpha	1967
cum	1968
timer	1969
tra	1970
ro	1971
jbox	1972
eoas	1973
qpfouronefivefourzero	1974
ma	1975
qpfouronesixfivefive	1976
qpfouronesixfivesix	1977
qpfiveonesixfivesix	1978
qpsix	1979
qpsixonesixfiveseven	1980
rw	1981
plus	1982
qtwoone	1983
tach	1984
qtwotwo	1985
icon	1986
var	1987
qtwoseven	1988
menu	1989
ab	1990
premium	1991
qtwoeight	1992
dea	1993
qthreezero	1994
prmtr	1995
dtc	1996
saver	1997
pyro	1998
frw	1999
sec	2000
bl	2001
app	2002
cmmdty	2003
config	2004
gvwr	2005
gawr	2006
spng	2007
snsr	2008
rtrdr	2009
ra	2010
ratio	2011
blder	2012
value	2013
function	2014
used	2015
cc	2016
accel	2017
mfd	2018
clk	2019
ign	2020
tmr	2021
languages	2022
rpm	2023
trp	2024
econ	2025
dm	2026
delay	2027
dim	2028
filt	2029
volt	2030
retarder	2031
make	2032
enabled	2033
clstr	2034
ltg	2035
dsh	2036
lcd	2037
pb	2038
ctl	2039
sply	2040
rmte	2041
autoshift	2042
anim	2043
max	2044
trm	2045
installed	2046
inhibit	2047
oat	2048
crane	2049
hill	2050
winch	2051
emission	2052
ot	2053
neut	2054
rating	2055
actr	2056
variant	2057
loader	2058
file	2059
daf	2060
defaults	2061
cal	2062
asf	2063
avail	2064
preset	2065
available	2066
detail	2067
trip	2068
gge	2069
tmp	2070
disab	2071
voltmeter	2072
change	2073
cluster	2074
bcklght	2075
day	2076
dot	2077
symbol	2078
ignition	2079
multiplexer	2080
vcan	2081
from	2082
wiper	2083
lightning	2084
para	2085
gateway	2086
route	2087
ccvs	2088
msg	2089
eec	2090
et	2091
lfe	2092
etc	2093
fd	2094
hour	2095
lfc	2096
offroad	2097
qfourthree	2098
org	2099
metr	2100
secon	2101
resv	2102
general	2103
tractor	2104
met	2105
hourmeter	2106
highline	2107
baseline	2108
exp	2109
ap	2110
prs	2111
qsevenfour	2112
gps	2113
rotary	2114
rdfive	2115
rzeroone	2116
rzerotwosix	2117
reference	2118
mfg	2119
specification	2120
urethane	2121
composite	2122
film	2123
material	2124
blind	2125
astm	2126
acoust	2127
hsla	2128
thermatic	2129
tol	2130
form	2131
machine	2132
coating	2133
graph	2134
solid	2135
rzerosix	2136
rzeroseven	2137
roneone	2138
grabhandle	2139
btm	2140
clc	2141
soc	2142
ronethree	2143
aperture	2144
ronenine	2145
rtwozero	2146
rtwoone	2147
wndw	2148
rtwotwo	2149
console	2150
rtwothree	2151
opposed	2152
panto	2153
curved	2154
rtwofive	2155
daylite	2156
rthreetwo	2157
rthreethree	2158
rthreefour	2159
vhb	2160
rthreenine	2161
rfourone	2162
rfouroneseven	2163
component	2164
rfourtwo	2165
sunroof	2166
primary	2167
secondary	2168
rfourfour	2169
tint	2170
rfoursix	2171
floodlight	2172
rfourseven	2173
re	2174
rfoureight	2175
rfivethree	2176
vin	2177
rfivesix	2178
bypass	2179
inside	2180
actuator	2181
rfivenine	2182
cabs	2183
ltd	2184
rsixzero	2185
bulb	2186
rsixfour	2187
passenger	2188
rsixfive	2189
rsevenzero	2190
narrow	2191
rseventhree	2192
rsevenfour	2193
rsevenseven	2194
sf	2195
crnr	2196
reightzero	2197
reightthree	2198
reightfive	2199
reighteight	2200
rnineone	2201
cyl	2202
s	2203
size	2204
gunite	2205
scuff	2206
limiter	2207
pac	2208
operation	2209
lck	2210
code	2211
quarter	2212
thick	2213
momentary	2214
axletech	2215
tips	2216
qual	2217
stc	2218
ste	2219
stg	2220
tip	2221
szerosix	2222
sonezero	2223
ip	2224
soneone	2225
header	2226
closeout	2227
cupholder	2228
disp	2229
armrest	2230
rim	2231
sonefour	2232
mat	2233
rearwall	2234
biii	2235
sonesix	2236
soneseven	2237
soneeight	2238
louver	2239
stwoone	2240
thrtl	2241
stwotwo	2242
kick	2243
repto	2244
das	2245
da	2246
stwofive	2247
glove	2248
rto	2249
medallion	2250
stwonine	2251
records	2252
threshold	2253
sthreefour	2254
sthreenine	2255
sfourtwo	2256
spotlight	2257
sfourfive	2258
grey	2259
sfivethree	2260
premier	2261
shtdn	2262
wrn	2263
data	2264
mpx	2265
sat	2266
rmt	2267
snow	2268
plow	2269
incomplete	2270
doc	2271
patent	2272
mercury	2273
en	2274
carrier	2275
sfivesix	2276
ssixzero	2277
cnr	2278
pocket	2279
ssixtwo	2280
ssixthree	2281
rub	2282
ssixfour	2283
fla	2284
ssixseven	2285
pull	2286
map	2287
sseventwo	2288
daycab	2289
sseventhree	2290
privacy	2291
ssevenseven	2292
sseveneight	2293
cu	2294
seightfour	2295
fixed	2296
seightfive	2297
seightnine	2298
diamond	2299
wind	2300
cw	2301
snineone	2302
sninetwo	2303
t	2304
fuller	2305
pro	2306
ll	2307
rtlo	2308
ult	2309
sq	2310
applique	2311
tzerosix	2312
toneone	2313
tonenine	2314
ttwotwo	2315
ttwofive	2316
exit	2317
ttwonine	2318
enclosure	2319
tthreethree	2320
tthreenine	2321
tfourzero	2322
tfourone	2323
tfourtwo	2324
tfourfour	2325
tfourseven	2326
tfivesix	2327
baggage	2328
tsixfour	2329
bhd	2330
tsevenseven	2331
tsevennine	2332
ft	2333
uoneone	2334
uonetwo	2335
uonefour	2336
underbunk	2337
utwotwo	2338
utwonine	2339
uthreenine	2340
ufivethree	2341
usixzero	2342
usixfour	2343
refrig	2344
useventwo	2345
usevenseven	2346
bed	2347
ueightfour	2348
ueightnine	2349
radar	2350
vthreeeight	2351
vfoursix	2352
vfivezero	2353
vfiveeight	2354
veighteight	2355
card	2356
wing	2357
fleetguard	2358
wzeroone	2359
psd	2360
torx	2361
trs	2362
sd	2363
tr	2364
drill	2365
pn	2366
taptite	2367
wonesix	2368
strength	2369
wtwozero	2370
wthreefour	2371
tc	2372
skt	2373
weightzero	2374
certification	2375
information	2376
packet	2377
fw	2378
jam	2379
ic	2380
yfivethree	2381
kt	2382
sc	2383
oper	2384
yeightfour	2385
yninefive	2386
robotic	2387
prg	2388
frg	2389
ph	2390
crew	2391
rds	2392
es	2393
tem	2394
zeroone	2395
grote	2396
mechanical	2397
zerotwo	2398
hayden	2399
zerothree	2400
palnut	2401
hiflo	2402
phillips	2403
zerothreethree	2404
fleet	2405
engr	2406
zerofive	2407
tpr	2408
zerosix	2409
fir	2410
seventwo	2411
zeroseven	2412
overflow	2413
see	2414
loadlight	2415
zeroeight	2416
zeronine	2417
ct	2418
fi	2419
onezero	2420
twofivezero	2421
onezeroone	2422
ray	2423
sbm	2424
onezerosixfourzero	2425
onezerosixfourone	2426
hr	2427
cls	2428
onezerosixfourthree	2429
onezerosixfourfour	2430
hrs	2431
fb	2432
onezerosixfoursix	2433
onezerosixfivezero	2434
onezerosixfiveone	2435
onezerosixsixtwo	2436
cf	2437
lq	2438
onezeroseventwozero	2439
onezeroseventwofive	2440
aluminized	2441
onezeroseventwosix	2442
onezeroseventhreezero	2443
onezerosevensixzero	2444
onezeroeightninetwofive	2445
vctplus	2446
ceramic	2447
spicer	2448
onezeroninesevenzeroone	2449
solo	2450
onezeroninesevenzerofive	2451
oneone	2452
ms	2453
adjusting	2454
flexplate	2455
onetwozerotwobnonezerothree	2456
asa	2457
onethree	2458
magnetic	2459
onethreetwotwobnonezeroone	2460
onethreetwotwobnonezerothree	2461
onethreetwotwobnonezerofive	2462
bus	2463
tooth	2464
gs	2465
onefour	2466
onefoursixtwobnonezerozero	2467
onefive	2468
wedge	2469
spider	2470
mt	2471
good	2472
onesix	2473
wp	2474
pole	2475
onesixzerozero	2476
stub	2477
ear	2478
left	2479
onesixeighteightfive	2480
onesixeighteightseven	2481
oneseven	2482
metco	2483
onesevenzero	2484
flng	2485
input	2486
output	2487
tech	2488
lifting	2489
egr	2490
oneeight	2491
translator	2492
maxi	2493
brkr	2494
thin	2495
twozero	2496
bagg	2497
zerozero	2498
texas	2499
fluorescent	2500
twoone	2501
pollak	2502
twotwo	2503
adhsv	2504
twotwozerobnonezeroseven	2505
twotwozerobnonezeroeight	2506
twotwothree	2507
incandescent	2508
nozzle	2509
otr	2510
bunkmate	2511
twosix	2512
mbo	2513
rfgt	2514
twoseven	2515
lockwasher	2516
reading	2517
huckpin	2518
integral	2519
hexagon	2520
twoeight	2521
ram	2522
sdars	2523
accuride	2524
vert	2525
namco	2526
sv	2527
twonine	2528
twoninezeroonezerosix	2529
wh	2530
adaptation	2531
alli	2532
hardware	2533
three	2534
threezero	2535
efa	2536
gp	2537
particulate	2538
hubodometer	2539
ees	2540
chelsea	2541
frm	2542
sending	2543
drum	2544
unheated	2545
fltr	2546
fourzeronine	2547
adj	2548
fourtwosix	2549
fourtwoseven	2550
hybrid	2551
cr	2552
scotseal	2553
fourseventhreefive	2554
kysor	2555
owners	2556
new	2557
adv	2558
ep	2559
caliper	2560
blu	2561
fivethree	2562
firestone	2563
cone	2564
diagram	2565
wrench	2566
companion	2567
sixzerozero	2568
racor	2569
coiled	2570
hendric	2571
sixzeroninesixone	2572
pax	2573
psh	2574
conect	2575
sixtwozerozerozero	2576
sixfivezero	2577
ctis	2578
mag	2579
seven	2580
seventwoonezerozero	2581
brown	2582
master	2583
alcoa	2584
sevensevensevenseventwoseven	2585
eight	2586
cca	2587
tri	2588
pkg	2589
smart	2590
db	2591
muncie	2592
blt	2593
thp	2594
eightfive	2595
eightsixseven	2596
eightsixeight	2597
eightseventhree	2598
lrg	2599
unpol	2600
ninezero	2601
height	2602
lev	2603
ve	2604
schrader	2605
nineonesixsixfiveseven	2606
ninethreethree	2607
ba	2608
tens	2609
crankshaft	2610
clevite	2611
nineseven	2612
dura	2613
hs	2614
num	2615
diffloc	2616
azerosix	2617
ramp	2618
knee	2619
fepto	2620
apu	2621
sffa	2622
member	2623
frn	2624
bsevenone	2625
spsn	2626
chonel	2627
bosch	2628
fab	2629
fcthreezerozero	2630
aeroquip	2631
artic	2632
wif	2633
fwoneseven	2634
borgwarner	2635
isl	2636
tender	2637
treadle	2638
sngl	2639
ar	2640
kingpin	2641
hogebuilt	2642
tlr	2643
advanced	2644
mc	2645
cec	2646
celect	2647
roadrelay	2648
dp	2649
web	2650
cut	2651
tt	2652
outsert	2653
ld	2654
wn	2655
sello	2656
accy	2657
uph	2658
deckplate	2659
asl	2660
sg	2661
delivery	2662
caps	2663
wht	2664
engsect	2665
fnd	2666
nt	2667
king	2668
traction	2669
cl	2670
berg	2671
natl	2672
bnk	2673
kthreesevenzero	2674
kfourzerothree	2675
kfiveonefour	2676
kfiveoneeight	2677
kfivetwotwo	2678
kfivetwoeight	2679
kfivethreetwo	2680
kfivethreefour	2681
webb	2682
lateral	2683
mntwosevenfive	2684
mnthreeonefive	2685
mn	2686
mnfourfourfive	2687
mnfourfivefive	2688
horizontal	2689
peoplenet	2690
pstwofiveonesix	2691
mega	2692
thrd	2693
mid	2694
tl	2695
halogen	2696
trucklite	2697
htln	2698
imct	2699
powerfeed	2700
ck	2701
grid	2702
horiz	2703
inverter	2704
weldnut	2705
message	2706
rls	2707
subassembly	2708
rf	2709
wrap	2710
keys	2711
monitor	2712
sears	2713
tonetwo	2714
ttwozero	2715
bu	2716
obsolete	2717
ysevenfour	2718
hngr	2719
bad	2720
onezerosixfourtwo	2721
bs	2722
onetwo	2723
captive	2724
ls	2725
onefoursixtwobnonezeroone	2726
ser	2727
zero	2728
shipping	2729
sieo	2730
cell	2731
bostrom	2732
ride	2733
fhshd	2734
gry	2735
whll	2736
cabsect	2737
veeder	2738
stemco	2739
user	2740
same	2741
isc	2742
spindle	2743
foureightsixfoureight	2744
foureightninexfahx	2745
jit	2746
cn	2747
sevensevensevensevenoneseven	2748
root	2749
ner	2750
si	2751
hght	2752
frng	2753
athreetwo	2754
rigid	2755
ver	2756
freeze	2757
omnivision	2758
hmx	2759
acorn	2760
piercing	2761
copper	2762
txv	2763
bundle	2764
feightsix	2765
unhtd	2766
drvr	2767
mmx	2768
cust	2769
regulator	2770
capacity	2771
webbing	2772
ne	2773
np	2774
mixer	2775
kfivetwonine	2776
damping	2777
nuts	2778
sup	2779
crown	2780
ant	2781
whip	2782
xdy	2783
uni	2784
suppress	2785
nsevensix	2786
war	2787
rckr	2788
cumm	2789
selector	2790
cruz	2791
mini	2792
lane	2793
intermittent	2794
twofive	2795
fldlmp	2796
har	2797
mobile	2798
sweet	2799
vendor	2800
ax	2801
dwim	2802
obd	2803
proc	2804
detent	2805
cvr	2806
nutplate	2807
rtwofour	2808
bonded	2809
fo	2810
rfourzero	2811
station	2812
beltline	2813
win	2814
doo	2815
rfiveeight	2816
rsixtwo	2817
permit	2818
rseventwo	2819
barrier	2820
cor	2821
rnineseven	2822
spsixonesixfiveseven	2823
szerothree	2824
glovebox	2825
ashtray	2826
footwell	2827
stwozero	2828
underdash	2829
brg	2830
dec	2831
ldws	2832
swt	2833
middle	2834
din	2835
reinforced	2836
isringhausen	2837
seightzero	2838
sninethree	2839
mll	2840
uzerosix	2841
innerspring	2842
uoneeight	2843
utwofive	2844
rack	2845
fascia	2846
ufivesix	2847
usixthree	2848
usevenzero	2849
wndshld	2850
sidemember	2851
ueightfive	2852
uninethree	2853
panhd	2854
alm	2855
onetwozerotwobnonezeroone	2856
knoedler	2857
diode	2858
glider	2859
recaro	2860
threefour	2861
inline	2862
eightzeroone	2863
nutsert	2864
clark	2865
md	2866
wo	2867
rhs	2868
bm	2869
be	2870
cool	2871
borg	2872
ever	2873
aid	2874
wi	2875
fspade	2876
deutsch	2877
molded	2878
dt	2879
rcpt	2880
fitt	2881
kfourfourfive	2882
program	2883
loc	2884
xda	2885
lr	2886
ssoc	2887
dsoc	2888
msixnine	2889
mseventwo	2890
distribution	2891
psevenfour	2892
ki	2893
tower	2894
dv	2895
eca	2896
px	2897
pod	2898
sig	2899
nar	2900
sea	2901
splnd	2902
point	2903
fin	2904
flatwasher	2905
peterbilt	2906
gfoursix	2907
literature	2908
warnlmp	2909
po	2910
airshield	2911
bii	2912
bench	2913
personal	2914
woneone	2915
par	2916
kb	2917
reyco	2918
ha	2919
eof	2920
frontend	2921
crosstie	2922
bdtwoeightzero	2923
polyswitch	2924
circ	2925
taperleaf	2926
sta	2927
stanchion	2928
weldment	2929
helper	2930
ceighteight	2931
rl	2932
sil	2933
etwotwo	2934
midship	2935
bergstrom	2936
ftwozero	2937
li	2938
gtwoone	2939
governor	2940
hrnss	2941
undercab	2942
bos	2943
hydr	2944
recorder	2945
nfx	2946
bear	2947
hol	2948
ktwoone	2949
bullet	2950
appl	2951
kfourfourone	2952
stabilizer	2953
tnk	2954
uc	2955
rea	2956
vertical	2957
vee	2958
ancillary	2959
cboc	2960
bpr	2961
pstwotwoonesix	2962
pzerosixeight	2963
airdryer	2964
converter	2965
ponefourzero	2966
hdp	2967
gt	2968
dtm	2969
fci	2970
apex	2971
automatic	2972
mpdc	2973
nfpa	2974
hyb	2975
powertrain	2976
chg	2977
fil	2978
dw	2979
wabco	2980
gau	2981
rtwonine	2982
se	2983
sbw	2984
dk	2985
inc	2986
backwall	2987
xsoneone	2988
dom	2989
evs	2990
fro	2991
silic	2992
limiting	2993
onezerosixzeroseven	2994
ang	2995
onezerosixfivethree	2996
alfb	2997
lbft	2998
wave	2999
platform	3000
onenine	3001
windlace	3002
eieo	3003
elastic	3004
carriage	3005
tall	3006
kits	3007
fsd	3008
twisted	3009
pushbutton	3010
fivezero	3011
daylight	3012
accu	3013
yok	3014
deightzero	3015
xsmn	3016
sb	3017
style	3018
bkt	3019
ctrbrg	3020
chnl	3021
taillight	3022
ptwosevenfive	3023
sti	3024
pyrometer	3025
gov	3026
mask	3027
made	3028
attach	3029
configurati	3030
di	3031
tb	3032
fivefivefournine	3033
unsealed	3034
inj	3035
alsfour	3036
morse	3037
shutter	3038
raised	3039
element	3040
pr	3041
cng	3042
dcld	3043
ata	3044
ctwo	3045
wc	3046
hlm	3047
sstr	3048
fhen	3049
dtwozerothreeone	3050
dtwoone	3051
dtwooneeightfive	3052
pana	3053
ds	3054
eoneseven	3055
holl	3056
sld	3057
hh	3058
bra	3059
dry	3060
cofre	3061
ffiveeight	3062
feighteight	3063
wir	3064
sr	3065
pogo	3066
stick	3067
plmb	3068
removable	3069
silver	3070
static	3071
lanyard	3072
kyxzerozero	3073
pln	3074
uncx	3075
ncx	3076
gm	3077
ktwozero	3078
ubolt	3079
lthreethree	3080
lip	3081
spray	3082
lfivetwo	3083
mo	3084
mgc	3085
magnagrip	3086
mhff	3087
xza	3088
stack	3089
unibilt	3090
mtr	3091
mfiveeight	3092
aftertre	3093
catalyst	3094
foglight	3095
nthreethree	3096
deep	3097
clad	3098
swept	3099
subwoofer	3100
ohm	3101
tweeter	3102
vac	3103
amplifier	3104
row	3105
mcp	3106
packard	3107
super	3108
cktbkr	3109
spotlamp	3110
optic	3111
methane	3112
gd	3113
cvntl	3114
navigation	3115
hea	3116
pw	3117
pcc	3118
parameter	3119
analog	3120
speedometer	3121
tachometer	3122
roofbow	3123
wl	3124
roneeight	3125
drilled	3126
lockboard	3127
bbc	3128
conventional	3129
stfnr	3130
floorsheet	3131
rfivetwo	3132
trimark	3133
motorized	3134
longeron	3135
rsevennine	3136
index	3137
sktwonineseveneighteight	3138
sketch	3139
schematic	3140
sealing	3141
szeroseven	3142
car	3143
bin	3144
doorpad	3145
convent	3146
hdr	3147
faceplate	3148
sthreeone	3149
lhs	3150
net	3151
sfivetwo	3152
vant	3153
kickpanel	3154
ultracab	3155
lf	3156
doghouse	3157
vermillion	3158
burl	3159
charcoal	3160
ssixsix	3161
ultraride	3162
iii	3163
snineeight	3164
injection	3165
rain	3166
luggage	3167
tzeroseven	3168
strct	3169
walkthru	3170
rstr	3171
hqb	3172
tthreetwo	3173
mbr	3174
tfivezero	3175
tsevenzero	3176
teightfive	3177
frwd	3178
prestige	3179
platinum	3180
hanging	3181
uthreeone	3182
ufivetwo	3183
hdlnr	3184
usixsix	3185
useventhree	3186
usevenfour	3187
yoneone	3188
ref	3189
video	3190
serrated	3191
guppy	3192
spg	3193
trkg	3194
trq	3195
jeb	3196
relief	3197
nat	3198
chk	3199
prv	3200
hfb	3201
onezerosixzerozero	3202
rms	3203
gax	3204
ty	3205
dx	3206
onezeroseventwotwo	3207
onezeroseventhreefive	3208
unfin	3209
sheel	3210
baffle	3211
ftk	3212
sideplate	3213
hoo	3214
crossbar	3215
onethreetwo	3216
mflr	3217
muff	3218
sstl	3219
imm	3220
big	3221
so	3222
jake	3223
driving	3224
moveable	3225
positive	3226
mkr	3227
rev	3228
adjustment	3229
central	3230
ultraslpr	3231
onenineonezero	3232
fillerstrip	3233
bolting	3234
stinger	3235
bow	3236
rot	3237
severe	3238
duraform	3239
co	3240
wood	3241
fmvss	3242
compliance	3243
canad	3244
twothree	3245
lgt	3246
phil	3247
ist	3248
tnsl	3249
rolok	3250
taupe	3251
drlg	3252
butyl	3253
ventilator	3254
diaphragm	3255
curt	3256
suitcase	3257
adjustable	3258
wallpad	3259
bunkpad	3260
sidewall	3261
flg	3262
threeoneonefive	3263
threethree	3264
theft	3265
ae	3266
an	3267
national	3268
utility	3269
shk	3270
ship	3271
phased	3272
pamphlet	3273
php	3274
omnitracs	3275
rkwl	3276
rework	3277
mntwofivefive	3278
mntwoninefive	3279
bobbed	3280
superseal	3281
ge	3282
roo	3283
dropped	3284
pattern	3285
leather	3286
midroof	3287
mr	3288
group	3289
rz	3290
fwthreefivezerozero	3291
fontaine	3292
hdl	3293
ynineeight	3294
williams	3295
trl	3296
wirebraid	3297
hn	3298
athreesix	3299
meri	3300
rockwell	3301
quad	3302
fu	3303
transfercase	3304
quadraflex	3305
eql	3306
rs	3307
grp	3308
spinner	3309
brtwosevenfive	3310
rp	3311
rhu	3312
meighttwo	3313
nst	3314
logger	3315
ju	3316
hp	3317
fa	3318
nom	3319
slimline	3320
kfiveonefive	3321
acm	3322
ntsd	3323
eas	3324
foglamp	3325
spin	3326
inte	3327
qpfiveonesixfivefive	3328
smc	3329
reserved	3330
settings	3331
pg	3332
derate	3333
sweetspot	3334
hig	3335
ele	3336
motorwheel	3337
fweight	3338
asse	3339
kill	3340
rolltek	3341
reconfiguration	3342
sml	3343
messenger	3344
my	3345
cvrd	3346
cvd	3347
mgm	3348
chr	3349
addl	3350
crv	3351
velvac	3352
cps	3353
ninetwozerozero	3354
etn	3355
polis	3356
bo	3357
threetwo	3358
konesixtwo	3359
bp	3360
kfivezerofour	3361
ta	3362
bbox	3363
regal	3364
duplex	3365
wt	3366
kfivetwofive	3367
badge	3368
xe	3369
dg	3370
attachment	3371
bcan	3372
lcf	3373
drw	3374
cnineseven	3375
dninezerothreeseven	3376
spn	3377
isbe	3378
isb	3379
xmb	3380
kzerofivenine	3381
kthreeonenine	3382
thermostat	3383
kthreesevennine	3384
kfivezeronine	3385
kninethree	3386
vecu	3387
loadcenter	3388
mstr	3389
dvd	3390
wts	3391
tfivethree	3392
ross	3393
negative	3394
fueltank	3395
sndr	3396
conditioner	3397
pouch	3398
vantage	3399
patch	3400
equa	3401
leece	3402
neville	3403
her	3404
per	3405
kthreethreefive	3406
kfiveonenine	3407
flag	3408
customized	3409
zerofiveone	3410
van	3411
watson	3412
kfivethreefive	3413
dayco	3414
personalized	3415
zerotwotwo	3416
dda	3417
unitglas	3418
was	3419
vip	3420
eu	3421
du	3422
backbone	3423
hy	3424
conversion	3425
jacobs	3426
probe	3427
stratoflex	3428
me	3429
cmns	3430
jackshaft	3431
ckt	3432
jskthreesixn	3433
mnineeight	3434
sander	3435
comfort	3436
charging	3437
accumulator	3438
evap	3439
rfim	3440
position	3441
rsa	3442
smartgage	3443
stalk	3444
ninezerozero	3445
centrbrg	3446
kzerofivezero	3447
russia	3448
turner	3449
pacbrake	3450
dlzeroone	3451
orfs	3452
dlfivezero	3453
plu	3454
ctbrg	3455
poneeightzero	3456
det	3457
rtm	3458
spsix	3459
gx	3460
dyna	3461
eden	3462
qpfiveonefivefourzero	3463
keyed	3464
alike	3465
compan	3466
yk	3467
xms	3468
oilfill	3469
ezerozerofive	3470
esixtwo	3471
telma	3472
mb	3473
hf	3474
trtmt	3475
wrng	3476
cmn	3477
view	3478
stage	3479
rhd	3480
snorkel	3481
dif	3482
builder	3483
bkrt	3484
backpanel	3485
diam	3486
dispatch	3487
rhf	3488
ns	3489
bi	3490
direccion	3491
packing	3492
capscrew	3493
eps	3494
wrg	3495
svc	3496
gls	3497
reactor	3498
decomposition	3499
mich	3500
pif	3501
covered	3502
lhd	3503
critical	3504
ts	3505
egp	3506
zf	3507
mf	3508
rawhide	3509
aut	3510
doneonezerotwo	3511
first	3512
dirona	3513
dressed	3514
hule	3515
year	3516
hsng	3517
kthreethreenine	3518
midland	3519
kthreesixseven	3520
tanque	3521
limpiaparabrisas	3522
panasonic	3523
espejo	3524
frenos	3525
luces	3526
corneta	3527
ventana	3528
rvi	3529
order	3530
item	3531
ppg	3532
albe	3533
fx	3534
rpl	3535
catalytic	3536
mw	3537
sevenseveneight	3538
seveneightfour	3539
tse	3540
sin	3541
rv	3542
oneeightthree	3543
oneninezero	3544
ktwonineseven	3545
pers	3546
acb	3547
tachograph	3548
spdo	3549
mninethree	3550
hm	3551
rcab	3552
ri	3553
cuerpo	3554
combust	3555
ngp	3556
slim	3557
kzerofiveseven	3558
ecas	3559
global	3560
xptwoseven	3561
xpninetwo	3562
xrtwonine	3563
biw	3564
hotel	3565
xssixzero	3566
eq	3567
wteciii	3568
konezerosix	3569
kthreesixzero	3570
world	3571
xxa	3572
lea	3573
splen	3574
xmoneone	3575
xroneone	3576
invrt	3577
lhu	3578
lhl	3579
rhl	3580
vickers	3581
pzeroseveneight	3582
gsst	3583
pta	3584
bunkfront	3585
trushd	3586
cubierta	3587
escape	3588
ovrspd	3589
vocatio	3590
lockingfuel	3591
chinese	3592
kthreethreeseven	3593
trn	3594
ipc	3595
hpc	3596
kzerotwonine	3597
chock	3598
onezerosevenseven	3599
emssns	3600
flecha	3601
principal	3602
threefourthree	3603
thwheel	3604
eninetwo	3605
brakesaver	3606
bot	3607
advantage	3608
feightzero	3609
aer	3610
insta	3611
behind	3612
freedomline	3613
ktwozeronine	3614
repl	3615
gag	3616
eo	3617
sftw	3618
lc	3619
reta	3620
ai	3621
tpcs	3622
peec	3623
verified	3624
lps	3625
grmg	3626
ktwofivefour	3627
aud	3628
xqfourthree	3629
hen	3630
onguard	3631
faring	3632
fam	3633
goodyear	3634
gythreeonefive	3635
kfourtwothree	3636
navplus	3637
emisn	3638
sos	3639
camera	3640
bajo	3641
eighttwofive	3642
arabic	3643
viscous	3644
gallery	3645
pi	3646
ctrd	3647
thermocouple	3648
priv	3649
kthreesevenseven	3650
cassette	3651
plc	3652
layer	3653
hg	3654
detroit	3655
fix	3656
timken	3657
jninethree	3658
dmc	3659
ddec	3660
konethreeone	3661
floorboard	3662
dor	3663
ddc	3664
flrcover	3665
ccm	3666
argo	3667
rtwooneeight	3668
xfiveonezeroone	3669
ctd	3670
kthreezerozero	3671
xdht	3672
zerozerosixstfourfourzerozerotwo	3673
embrague	3674
easy	3675
yninethree	3676
xffivezero	3677
strbl	3678
smartnav	3679
twosevenzeroeight	3680
farr	3681
hiway	3682
lbs	3683
isspro	3684
roe	3685
inf	3686
forged	3687
konefivezero	3688
konetwoone	3689
qonesixfiveseven	3690
sen	3691
now	3692
pete	3693
coe	3694
kthreeoneeight	3695
vbelt	3696
audio	3697
konefiveeight	3698
ledge	3699
mmt	3700
floscan	3701
jb	3702
fourzerothreefive	3703
sur	3704
kthreeninenine	3705
kfourzerozero	3706
kthreezerosix	3707
sts	3708
electron	3709
sym	3710
sevenfour	3711
hewitt	3712
zerothreezero	3713
fwtwofivethreefive	3714
kthreeeighteight	3715
kthreetwoone	3716
budd	3717
gy	3718
ntc	3719
siegler	3720
hb	3721
cshn	3722
vnl	3723
sdr	3724
clr	3725
perlux	3726
onezerozerotwo	3727
alarmstat	3728
kfourzeroseven	3729
sixsixsixrzero	3730
sixsixsixrone	3731
brn	3732
qmconesixfivefive	3733
pace	3734
bul	3735
take	3736
ddad	3737
airintake	3738
bkr	3739
shunt	3740
kthreeeightseven	3741
bzl	3742
rccc	3743
fourthree	3744
wnd	3745
atwo	3746
anchorlok	3747
onezeroninethree	3748
schwitzer	3749
aaac	3750
gytwoeightfive	3751
profile	3752
sn	3753
onezerofourtwo	3754
unisteel	3755
frontal	3756
dayton	3757
kfourzeroeight	3758
cloth	3759
btn	3760
eld	3761
qmconefivefourzero	3762
kfouroneone	3763
gytwoninefive	3764
lear	3765
crimson	3766
cmninenine	3767
walnut	3768
buffer	3769
kfourzerofour	3770
punch	3771
mph	3772
sandstone	3773
dd	3774
pulse	3775
tang	3776
ddecii	3777
atec	3778
altntr	3779
cog	3780
kthreeninezero	3781
eco	3782
sa	3783
fwtwofivezerozero	3784
sangamo	3785
sshd	3786
rte	3787
alcohol	3788
eldorado	3789
rels	3790
mot	3791
velour	3792
helical	3793
coax	3794
arms	3795
qmconesixfivesix	3796
luberfiner	3797
snd	3798
qaconefivefourzero	3799
kthreethreetwo	3800
kthreeonethree	3801
kfourzerofive	3802
aftercooler	3803
pacs	3804
tubo	3805
lso	3806
lhf	3807
gyfourtwofive	3808
calid	3809
fourone	3810
lhr	3811
rhr	3812
zee	3813
ktwofourtwo	3814
muc	3815
ktwofivefive	3816
tbls	3817
govnr	3818
eba	3819
kim	3820
kthreeninetwo	3821
twosevenfourtwofive	3822
lowback	3823
vol	3824
phone	3825
tripmaster	3826
vel	3827
oneonezeroseventhreetwozero	3828
rstwothree	3829
twotwozero	3830
ninetwozero	3831
ninezerofive	3832
revolving	3833
bgonesixfivefive	3834
kfivezerozero	3835
ataac	3836
alpine	3837
centrifuse	3838
ccw	3839
pwrdistbox	3840
throwmat	3841
modine	3842
kfourthreesix	3843
ard	3844
dixson	3845
dro	3846
chief	3847
conmet	3848
sideskirt	3849
aire	3850
sevenfivezerozero	3851
dthreezerozeroonethreenine	3852
sprague	3853
chrm	3854
kzerosixseven	3855
brazo	3856
nb	3857
onefiveninezerozero	3858
fourfivefivesevenseven	3859
kc	3860
purosil	3861
bgonesixfivesix	3862
koneta	3863
nine	3864
divider	3865
fourzerothreefourninethree	3866
adbonefivesixzero	3867
lado	3868
fwtwofivefivefive	3869
whd	3870
read	3871
threetwoeightonesevenzero	3872
ptd	3873
bstm	3874
fwtwozerozerozero	3875
walther	3876
kzeroseventwo	3877
er	3878
kthreenineeight	3879
yokohama	3880
rtx	3881
dunlop	3882
isrt	3883
threefiveonezerozero	3884
highback	3885
threezerotwofourseven	3886
kfourtwofive	3887
vinylcloth	3888
gripstrut	3889
kzerofivetwo	3890
gyfourfourfive	3891
hdlt	3892
modified	3893
groove	3894
rda	3895
airchief	3896
freq	3897
prop	3898
halo	3899
kph	3900
cnt	3901
dip	3902
supl	3903
generator	3904
eightonezerofivefournine	3905
eightonezerofiveeighteight	3906
eightzeroseventhreeeightthree	3907
eightonezerosixfivethree	3908
fourzeroeightfouronethree	3909
sixeightfour	3910
sixseveneight	3911
sixeighteight	3912
onezerozero	3913
eldo	3914
without	3915
seveneighteight	3916
mhf	3917
felsted	3918
fnc	3919
fwthreefivefourzero	3920
fourzerothreefourninefour	3921
ovr	3922
malla	3923
ing	3924
foursixseveneightone	3925
rdthree	3926
tufftex	3927
seperator	3928
toyo	3929
foursevenzerofourseven	3930
rm	3931
fourninezeroninethree	3932
fourninezeroninefour	3933
fourninezeroninetwo	3934
fourninezeronineseven	3935
foursixsevensevenzero	3936
tx	3937
soporte	3938
fourninezeroninesix	3939
poppet	3940
tex	3941
rta	3942
konesevenone	3943
outrigger	3944
onetwoffour	3945
twozeroone	3946
cta	3947
trilex	3948
eeightseven	3949
fore	3950
tuff	3951
kfivezeroone	3952
kfivezerosix	3953
kfivezerotwo	3954
oxblood	3955
nash	3956
champion	3957
organic	3958
sop	3959
onezeroseventhreenineone	3960
slfiveawbsevensevenfivezero	3961
slfiveawbsixsevenfivezero	3962
slfiveawbeightsevenfivezero	3963
lumb	3964
cushnaire	3965
simplex	3966
he	3967
gg	3968
cel	3969
shl	3970
ceemat	3971
onezeroeightthreenineone	3972
rmxnine	3973
kfiveoneone	3974
sloped	3975
tgeights	3976
qxconesixfivesix	3977
qxconesixfivefive	3978
sixsixzero	3979
muelle	3980
delantero	3981
tornillo	3982
eje	3983
espaciador	3984
varilla	3985
trasero	3986
asiento	3987
placa	3988
ensamblado	3989
miembro	3990
transversal	3991
esquinero	3992
ens	3993
refuerzo	3994
bastidor	3995
tope	3996
ajustador	3997
rueda	3998
maza	3999
izq	4000
der	4001
llanta	4002
valvula	4003
relevadora	4004
viga	4005
leva	4006
palanca	4007
cabi	4008
cambios	4009
retenedor	4010
angulo	4011
buje	4012
yugo	4013
cabina	4014
ajuste	4015
volante	4016
defensa	4017
manguera	4018
calenton	4019
combustible	4020
ancla	4021
tapon	4022
guardafango	4023
parrilla	4024
derecho	4025
izquierdo	4026
agua	4027
superior	4028
inferior	4029
filtro	4030
abanico	4031
sistema	4032
admision	4033
caja	4034
bateri	4035
moldura	4036
arnes	4037
barra	4038
hidraul	4039
bomba	4040
tuerca	4041
lodera	4042
quinta	4043
montaje	4044
tipo	4045
herrami	4046
rondana	4047
camara	4048
canal	4049
ensamble	4050
accesorios	4051
lampara	4052
abrazadera	4053
esquinal	4054
puente	4055
balero	4056
total	4057
bisagra	4058
carga	4059
tirante	4060
acelerador	4061
codo	4062
purificador	4063
juego	4064
parcial	4065
marco	4066
sujetador	4067
aluminio	4068
dormitorio	4069
aceite	4070
subensamble	4071
dormit	4072
secador	4073
dorm	4074
remolque	4075
mang	4076
esca	4077
unidad	4078
aislante	4079
acceso	4080
modulo	4081
usar	4082
guardafuego	4083
puerta	4084
ensam	4085
cmone	4086
estribo	4087
faldon	4088
mhffdttwozero	4089
steerable	4090
coco	4091
headache	4092
esc	4093
cargador	4094
midback	4095
kfiveonethree	4096
vn	4097
respaldo	4098
onetwoonesevenzerozeroone	4099
fal	4100
tapic	4101
tapiceria	4102
lta	4103
kfourthreefour	4104
fivezerofivetwoeight	4105
kfourthreeeight	4106
kfourthreetwo	4107
fivezerofivetwonine	4108
elcamino	4109
twozeroffour	4110
repartidor	4111
fivezerofivethreeone	4112
fivezerofivethreetwo	4113
bac	4114
twozerozero	4115
gra	4116
acert	4117
jgo	4118
conectores	4119
zerofour	4120
tolva	4121
empaque	4122
poneeightone	4123
pzerotwoeight	4124
ptwoonethree	4125
ptwofiveseven	4126
ptwooneseven	4127
adju	4128
sixfivenine	4129
flamestart	4130
torn	4131
cabeza	4132
alfombra	4133
tapete	4134
edi	4135
enfriam	4136
scndry	4137
continental	4138
camino	4139
diamantada	4140
descansabrazos	4141
rmxonezero	4142
resp	4143
rtl	4144
onl	4145
autoselect	4146
fusibles	4147
onefivefivefivesevensix	4148
na	4149
nx	4150
recline	4151
etiqueta	4152
fiveeightninezerofive	4153
fiveseventwofourfive	4154
wdl	4155
chsn	4156
fivesixsixfourtwo	4157
fivesixsixfoursix	4158
fivesixsixfourthree	4159
isola	4160
prog	4161
rimex	4162
fivenineonetwonine	4163
fivenineonetwoseven	4164
talladega	4165
fivesixsixfourone	4166
onesixfourzerotwosix	4167
fivesixsixfournine	4168
sprayguard	4169
kfiveonetwo	4170
xover	4171
cshnplus	4172
onetwothreenineonefivefour	4173
onetwothreefourtwothreeone	4174
onetwothreenineonefiveseven	4175
halibur	4176
extreme	4177
kfivetwozero	4178
rtao	4179
sdwal	4180
hob	4181
shade	4182
ect	4183
lm	4184
footlocker	4185
summit	4186
kfouronenine	4187
passthru	4188
fivefourthree	4189
voyager	4190
ssr	4191
twothreethreenineonefiveseven	4192
twothreethreeninetwozerofour	4193
twothreethreenineonefivefour	4194
pkar	4195
kfourtwozero	4196
rnc	4197
pum	4198
dampened	4199
em	4200
persnlzd	4201
ob	4202
upholstery	4203
uninetwo	4204
onesevensixtwofivezero	4205
onesevensixtwofivetwo	4206
foureightsixfourseven	4207
xlt	4208
onesevensixtwofivethree	4209
forcast	4210
trlrcable	4211
vestida	4212
wtec	4213
bsn	4214
plsh	4215
rmx	4216
onezerozeroonetwosix	4217
canister	4218
fwthreethree	4219
dmnd	4220
fusion	4221
spe	4222
rkw	4223
ribbon	4224
cktspdzero	4225
bz	4226
pconv	4227
uphol	4228
dupont	4229
evt	4230
cpu	4231
tn	4232
ecb	4233
ehx	4234
pinnacle	4235
voc	4236
dvr	4237
eightzerosixtwoeight	4238
xmsixsix	4239
esa	4240
orkt	4241
rkwell	4242
accelerator	4243
zerofivethreezero	4244
nsus	4245
dashboard	4246
ream	4247
plbg	4248
classic	4249
ceiling	4250
dgx	4251
cubby	4252
bfly	4253
rmo	4254
oneb	4255
fntc	4256
able	4257
diamondgrip	4258
yo	4259
sco	4260
c	4261
variance	4262
d	4263
poldb	4264
nco	4265
hom	4266
entc	4267
rtof	4268
dco	4269
pcta	4270
adz	4271
smt	4272
fbr	4273
cfour	4274
ridewell	4275
pmg	4276
zerosevenfivezerozero	4277
fourtwosevensixfourfour	4278
zl	4279
hndrksn	4280
hfc	4281
tpms	4282
fourfivetwozerozero	4283
fltmstr	4284
vyn	4285
ghg	4286
cabwatch	4287
concept	4288
hucked	4289
baffleless	4290
twoonefivezerothreehsixzerofourjzerotwo	4291
oneonezeroonetwosix	4292
stiffening	4293
midshipcast	4294
sninefour	4295
legacy	4296
lfna	4297
renault	4298
cubrealfombra	4299
cvn	4300
voneone	4301
gzerofour	4302
gtwy	4303
gone	4304
gtwo	4305
cprsrdisch	4306
eoa	4307
mdm	4308
adb	4309
reconfig	4310
recon	4311
aftmnt	4312
vg	4313
uzeronine	4314
wardrobe	4315
lfivenine	4316
ecopia	4317
peb	4318
ssl	4319
hmlgtn	4320
hgn	4321
softlines	4322
msa	4323
mfs	4324
alhdfmax	4325
pponezerofivetwosixsix	4326
alhsfm	4327
ebs	4328
yninetwo	4329
dpa	4330
bank	4331
mninetwo	4332
dninetwo	4333
esm	4334
gthree	4335
rninetwo	4336
csm	4337
aninetwo	4338
hhp	4339
exttemp	4340
lhp	4341
nninetwo	4342
heritage	4343
hxlnenrgyz	4344
cseven	4345
ceight	4346
